id,x,y,model.site.soilDepth,model.site.pctSand,model.site.pctClay,model.site.pctSilt,model.site.availableNitrogen,model.climate.tableName
1,0,0,120,30,24,46,65,ICHEC-EC-EARTH_historical_point37179
2,2,0,120,30,24,46,65,ICHEC-EC-EARTH_historical_point37179
3,4,0,120,30,24,46,65,ICHEC-EC-EARTH_historical_point37179
4,6,0,120,30,24,46,65,ICHEC-EC-EARTH_historical_point37179
5,8,0,120,30,24,46,65,ICHEC-EC-EARTH_historical_point37179
6,10,0,120,30,24,46,65,ICHEC-EC-EARTH_historical_point37179
7,12,0,120,30,24,46,65,ICHEC-EC-EARTH_historical_point37179
8,14,0,120,30,24,46,65,ICHEC-EC-EARTH_historical_point37179
9,16,0,120,30,24,46,65,ICHEC-EC-EARTH_historical_point37179
10,18,0,120,30,24,46,65,ICHEC-EC-EARTH_historical_point37179
11,20,0,120,30,24,46,65,ICHEC-EC-EARTH_historical_point37179
12,22,0,120,30,24,46,65,ICHEC-EC-EARTH_historical_point37179
13,24,0,120,30,24,46,65,ICHEC-EC-EARTH_historical_point37179
14,26,0,120,30,24,46,65,ICHEC-EC-EARTH_historical_point37179
15,28,0,120,30,24,46,65,ICHEC-EC-EARTH_historical_point37179
16,30,0,120,30,24,46,65,ICHEC-EC-EARTH_historical_point37179
17,32,0,120,30,24,46,65,ICHEC-EC-EARTH_historical_point37179
18,34,0,120,30,24,46,65,ICHEC-EC-EARTH_historical_point37179
19,36,0,120,30,24,46,65,ICHEC-EC-EARTH_historical_point37179
20,38,0,120,30,24,46,65,ICHEC-EC-EARTH_historical_point37179
21,0,2,120,30,24,46,65,ICHEC-EC-EARTH_historical_point37179
22,2,2,120,30,24,46,65,ICHEC-EC-EARTH_historical_point37179
23,4,2,120,30,24,46,65,ICHEC-EC-EARTH_historical_point37179
24,6,2,120,30,24,46,65,ICHEC-EC-EARTH_historical_point37179
25,8,2,120,30,24,46,65,ICHEC-EC-EARTH_historical_point37179
26,10,2,120,30,24,46,65,ICHEC-EC-EARTH_historical_point37179
27,12,2,120,30,24,46,65,ICHEC-EC-EARTH_historical_point37179
28,14,2,120,30,24,46,65,ICHEC-EC-EARTH_historical_point37179
29,16,2,120,30,24,46,65,ICHEC-EC-EARTH_historical_point37179
30,18,2,120,30,24,46,65,ICHEC-EC-EARTH_historical_point37179
31,20,2,120,30,24,46,65,ICHEC-EC-EARTH_historical_point37179
32,22,2,120,30,24,46,65,ICHEC-EC-EARTH_historical_point37179
33,24,2,120,30,24,46,65,ICHEC-EC-EARTH_historical_point37179
34,26,2,120,30,24,46,65,ICHEC-EC-EARTH_historical_point37179
35,28,2,120,30,24,46,65,ICHEC-EC-EARTH_historical_point37179
36,30,2,120,30,24,46,65,ICHEC-EC-EARTH_historical_point37179
37,32,2,120,30,24,46,65,ICHEC-EC-EARTH_historical_point37179
38,34,2,120,30,24,46,65,ICHEC-EC-EARTH_historical_point37179
39,36,2,120,30,24,46,65,ICHEC-EC-EARTH_historical_point37179
40,38,2,120,30,24,46,65,ICHEC-EC-EARTH_historical_point37179
41,0,4,120,30,24,46,65,ICHEC-EC-EARTH_historical_point37179
42,2,4,120,30,24,46,65,ICHEC-EC-EARTH_historical_point37179
43,4,4,120,30,24,46,65,ICHEC-EC-EARTH_historical_point37179
44,6,4,120,30,24,46,65,ICHEC-EC-EARTH_historical_point37179
45,8,4,120,30,24,46,65,ICHEC-EC-EARTH_historical_point37179
46,10,4,120,30,24,46,65,ICHEC-EC-EARTH_historical_point37179
47,12,4,120,30,24,46,65,ICHEC-EC-EARTH_historical_point37179
48,14,4,120,30,24,46,65,ICHEC-EC-EARTH_historical_point37179
49,16,4,120,30,24,46,65,ICHEC-EC-EARTH_historical_point37179
50,18,4,120,30,24,46,65,ICHEC-EC-EARTH_historical_point37179
51,20,4,120,30,24,46,65,ICHEC-EC-EARTH_historical_point37179
52,22,4,120,30,24,46,65,ICHEC-EC-EARTH_historical_point37179
53,24,4,120,30,24,46,65,ICHEC-EC-EARTH_historical_point37179
54,26,4,120,30,24,46,65,ICHEC-EC-EARTH_historical_point37179
55,28,4,120,30,24,46,65,ICHEC-EC-EARTH_historical_point37179
56,30,4,120,30,24,46,65,ICHEC-EC-EARTH_historical_point37179
57,32,4,120,30,24,46,65,ICHEC-EC-EARTH_historical_point37179
58,34,4,120,30,24,46,65,ICHEC-EC-EARTH_historical_point37179
59,36,4,120,30,24,46,65,ICHEC-EC-EARTH_historical_point37179
60,38,4,120,30,24,46,65,ICHEC-EC-EARTH_historical_point37179
61,0,6,120,30,24,46,65,ICHEC-EC-EARTH_historical_point37179
62,2,6,120,30,24,46,65,ICHEC-EC-EARTH_historical_point37179
63,4,6,120,30,24,46,65,ICHEC-EC-EARTH_historical_point37179
64,6,6,120,30,24,46,65,ICHEC-EC-EARTH_historical_point37179
65,8,6,120,30,24,46,65,ICHEC-EC-EARTH_historical_point37179
66,10,6,120,30,24,46,65,ICHEC-EC-EARTH_historical_point37179
67,12,6,120,30,24,46,65,ICHEC-EC-EARTH_historical_point37179
68,14,6,120,30,24,46,65,ICHEC-EC-EARTH_historical_point37179
69,16,6,120,30,24,46,65,ICHEC-EC-EARTH_historical_point37179
70,18,6,120,30,24,46,65,ICHEC-EC-EARTH_historical_point37179
71,20,6,120,30,24,46,65,ICHEC-EC-EARTH_historical_point37179
72,22,6,120,30,24,46,65,ICHEC-EC-EARTH_historical_point37179
73,24,6,120,30,24,46,65,ICHEC-EC-EARTH_historical_point37179
74,26,6,120,30,24,46,65,ICHEC-EC-EARTH_historical_point37179
75,28,6,120,30,24,46,65,ICHEC-EC-EARTH_historical_point37179
76,30,6,120,30,24,46,65,ICHEC-EC-EARTH_historical_point37179
77,32,6,120,30,24,46,65,ICHEC-EC-EARTH_historical_point37179
78,34,6,120,30,24,46,65,ICHEC-EC-EARTH_historical_point37179
79,36,6,120,30,24,46,65,ICHEC-EC-EARTH_historical_point37179
80,38,6,120,30,24,46,65,ICHEC-EC-EARTH_historical_point37179
81,0,8,120,30,24,46,65,ICHEC-EC-EARTH_historical_point37179
82,2,8,120,30,24,46,65,ICHEC-EC-EARTH_historical_point37179
83,4,8,120,30,24,46,65,ICHEC-EC-EARTH_historical_point37179
84,6,8,120,30,24,46,65,ICHEC-EC-EARTH_historical_point37179
85,8,8,120,30,24,46,65,ICHEC-EC-EARTH_historical_point37179
86,10,8,120,30,24,46,65,ICHEC-EC-EARTH_historical_point37179
87,12,8,120,30,24,46,65,ICHEC-EC-EARTH_historical_point37179
88,14,8,120,30,24,46,65,ICHEC-EC-EARTH_historical_point37179
89,16,8,120,30,24,46,65,ICHEC-EC-EARTH_historical_point37179
90,18,8,120,30,24,46,65,ICHEC-EC-EARTH_historical_point37179
91,20,8,120,30,24,46,65,ICHEC-EC-EARTH_historical_point37179
92,22,8,120,30,24,46,65,ICHEC-EC-EARTH_historical_point37179
93,24,8,120,30,24,46,65,ICHEC-EC-EARTH_historical_point37179
94,26,8,120,30,24,46,65,ICHEC-EC-EARTH_historical_point37179
95,28,8,120,30,24,46,65,ICHEC-EC-EARTH_historical_point37179
96,30,8,120,30,24,46,65,ICHEC-EC-EARTH_historical_point37179
97,32,8,120,30,24,46,65,ICHEC-EC-EARTH_historical_point37179
98,34,8,120,30,24,46,65,ICHEC-EC-EARTH_historical_point37179
99,36,8,120,30,24,46,65,ICHEC-EC-EARTH_historical_point37179
100,38,8,120,30,24,46,65,ICHEC-EC-EARTH_historical_point37179
101,0,10,120,30,24,46,65,ICHEC-EC-EARTH_historical_point37179
102,2,10,120,30,24,46,65,ICHEC-EC-EARTH_historical_point37179
103,4,10,120,30,24,46,65,ICHEC-EC-EARTH_historical_point37179
104,6,10,120,30,24,46,65,ICHEC-EC-EARTH_historical_point37179
105,8,10,120,30,24,46,65,ICHEC-EC-EARTH_historical_point37179
106,10,10,120,30,24,46,65,ICHEC-EC-EARTH_historical_point37179
107,12,10,120,30,24,46,65,ICHEC-EC-EARTH_historical_point37179
108,14,10,120,30,24,46,65,ICHEC-EC-EARTH_historical_point37179
109,16,10,120,30,24,46,65,ICHEC-EC-EARTH_historical_point37179
110,18,10,120,30,24,46,65,ICHEC-EC-EARTH_historical_point37179
111,20,10,120,30,24,46,65,ICHEC-EC-EARTH_historical_point37179
112,22,10,120,30,24,46,65,ICHEC-EC-EARTH_historical_point37179
113,24,10,120,30,24,46,65,ICHEC-EC-EARTH_historical_point37179
114,26,10,120,30,24,46,65,ICHEC-EC-EARTH_historical_point37179
115,28,10,120,30,24,46,65,ICHEC-EC-EARTH_historical_point37179
116,30,10,120,30,24,46,65,ICHEC-EC-EARTH_historical_point37179
117,32,10,120,30,24,46,65,ICHEC-EC-EARTH_historical_point37179
118,34,10,120,30,24,46,65,ICHEC-EC-EARTH_historical_point37179
119,36,10,120,30,24,46,65,ICHEC-EC-EARTH_historical_point37179
120,38,10,120,30,24,46,65,ICHEC-EC-EARTH_historical_point37179
121,0,12,120,30,24,46,65,ICHEC-EC-EARTH_historical_point37179
122,2,12,120,30,24,46,65,ICHEC-EC-EARTH_historical_point37179
123,4,12,120,30,24,46,65,ICHEC-EC-EARTH_historical_point37179
124,6,12,120,30,24,46,65,ICHEC-EC-EARTH_historical_point37179
125,8,12,120,30,24,46,65,ICHEC-EC-EARTH_historical_point37179
126,10,12,120,30,24,46,65,ICHEC-EC-EARTH_historical_point37179
127,12,12,120,30,24,46,65,ICHEC-EC-EARTH_historical_point37179
128,14,12,120,30,24,46,65,ICHEC-EC-EARTH_historical_point37179
129,16,12,120,30,24,46,65,ICHEC-EC-EARTH_historical_point37179
130,18,12,120,30,24,46,65,ICHEC-EC-EARTH_historical_point37179
131,20,12,120,30,24,46,65,ICHEC-EC-EARTH_historical_point37179
132,22,12,120,30,24,46,65,ICHEC-EC-EARTH_historical_point37179
133,24,12,120,30,24,46,65,ICHEC-EC-EARTH_historical_point37179
134,26,12,120,30,24,46,65,ICHEC-EC-EARTH_historical_point37179
135,28,12,120,30,24,46,65,ICHEC-EC-EARTH_historical_point37179
136,30,12,120,30,24,46,65,ICHEC-EC-EARTH_historical_point37179
137,32,12,120,30,24,46,65,ICHEC-EC-EARTH_historical_point37179
138,34,12,120,30,24,46,65,ICHEC-EC-EARTH_historical_point37179
139,36,12,120,30,24,46,65,ICHEC-EC-EARTH_historical_point37179
140,38,12,120,30,24,46,65,ICHEC-EC-EARTH_historical_point37179
141,0,14,120,30,24,46,65,ICHEC-EC-EARTH_historical_point37179
142,2,14,120,30,24,46,65,ICHEC-EC-EARTH_historical_point37179
143,4,14,120,30,24,46,65,ICHEC-EC-EARTH_historical_point37179
144,6,14,120,30,24,46,65,ICHEC-EC-EARTH_historical_point37179
145,8,14,120,30,24,46,65,ICHEC-EC-EARTH_historical_point37179
146,10,14,120,30,24,46,65,ICHEC-EC-EARTH_historical_point37179
147,12,14,120,30,24,46,65,ICHEC-EC-EARTH_historical_point37179
148,14,14,120,30,24,46,65,ICHEC-EC-EARTH_historical_point37179
149,16,14,120,30,24,46,65,ICHEC-EC-EARTH_historical_point37179
150,18,14,120,30,24,46,65,ICHEC-EC-EARTH_historical_point37179
151,20,14,120,30,24,46,65,ICHEC-EC-EARTH_historical_point37179
152,22,14,120,30,24,46,65,ICHEC-EC-EARTH_historical_point37179
153,24,14,120,30,24,46,65,ICHEC-EC-EARTH_historical_point37179
154,26,14,120,30,24,46,65,ICHEC-EC-EARTH_historical_point37179
155,28,14,120,30,24,46,65,ICHEC-EC-EARTH_historical_point37179
156,30,14,120,30,24,46,65,ICHEC-EC-EARTH_historical_point37179
157,32,14,120,30,24,46,65,ICHEC-EC-EARTH_historical_point37179
158,34,14,120,30,24,46,65,ICHEC-EC-EARTH_historical_point37179
159,36,14,120,30,24,46,65,ICHEC-EC-EARTH_historical_point37179
160,38,14,120,30,24,46,65,ICHEC-EC-EARTH_historical_point37179
161,0,16,120,30,24,46,65,ICHEC-EC-EARTH_historical_point37179
162,2,16,120,30,24,46,65,ICHEC-EC-EARTH_historical_point37179
163,4,16,120,30,24,46,65,ICHEC-EC-EARTH_historical_point37179
164,6,16,120,30,24,46,65,ICHEC-EC-EARTH_historical_point37179
165,8,16,120,30,24,46,65,ICHEC-EC-EARTH_historical_point37179
166,10,16,120,30,24,46,65,ICHEC-EC-EARTH_historical_point37179
167,12,16,120,30,24,46,65,ICHEC-EC-EARTH_historical_point37179
168,14,16,120,30,24,46,65,ICHEC-EC-EARTH_historical_point37179
169,16,16,120,30,24,46,65,ICHEC-EC-EARTH_historical_point37179
170,18,16,120,30,24,46,65,ICHEC-EC-EARTH_historical_point37179
171,20,16,120,30,24,46,65,ICHEC-EC-EARTH_historical_point37179
172,22,16,120,30,24,46,65,ICHEC-EC-EARTH_historical_point37179
173,24,16,120,30,24,46,65,ICHEC-EC-EARTH_historical_point37179
174,26,16,120,30,24,46,65,ICHEC-EC-EARTH_historical_point37179
175,28,16,120,30,24,46,65,ICHEC-EC-EARTH_historical_point37179
176,30,16,120,30,24,46,65,ICHEC-EC-EARTH_historical_point37179
177,32,16,120,30,24,46,65,ICHEC-EC-EARTH_historical_point37179
178,34,16,120,30,24,46,65,ICHEC-EC-EARTH_historical_point37179
179,36,16,120,30,24,46,65,ICHEC-EC-EARTH_historical_point37179
180,38,16,120,30,24,46,65,ICHEC-EC-EARTH_historical_point37179
181,0,18,120,30,24,46,65,ICHEC-EC-EARTH_historical_point37179
182,2,18,120,30,24,46,65,ICHEC-EC-EARTH_historical_point37179
183,4,18,120,30,24,46,65,ICHEC-EC-EARTH_historical_point37179
184,6,18,120,30,24,46,65,ICHEC-EC-EARTH_historical_point37179
185,8,18,120,30,24,46,65,ICHEC-EC-EARTH_historical_point37179
186,10,18,120,30,24,46,65,ICHEC-EC-EARTH_historical_point37179
187,12,18,120,30,24,46,65,ICHEC-EC-EARTH_historical_point37179
188,14,18,120,30,24,46,65,ICHEC-EC-EARTH_historical_point37179
189,16,18,120,30,24,46,65,ICHEC-EC-EARTH_historical_point37179
190,18,18,120,30,24,46,65,ICHEC-EC-EARTH_historical_point37179
191,20,18,120,30,24,46,65,ICHEC-EC-EARTH_historical_point37179
192,22,18,120,30,24,46,65,ICHEC-EC-EARTH_historical_point37179
193,24,18,120,30,24,46,65,ICHEC-EC-EARTH_historical_point37179
194,26,18,120,30,24,46,65,ICHEC-EC-EARTH_historical_point37179
195,28,18,120,30,24,46,65,ICHEC-EC-EARTH_historical_point37179
196,30,18,120,30,24,46,65,ICHEC-EC-EARTH_historical_point37179
197,32,18,120,30,24,46,65,ICHEC-EC-EARTH_historical_point37179
198,34,18,120,30,24,46,65,ICHEC-EC-EARTH_historical_point37179
199,36,18,120,30,24,46,65,ICHEC-EC-EARTH_historical_point37179
200,38,18,120,30,24,46,65,ICHEC-EC-EARTH_historical_point37179
201,0,20,120,30,24,46,65,ICHEC-EC-EARTH_historical_point37179
202,2,20,120,30,24,46,65,ICHEC-EC-EARTH_historical_point37179
203,4,20,120,30,24,46,65,ICHEC-EC-EARTH_historical_point37179
204,6,20,120,30,24,46,65,ICHEC-EC-EARTH_historical_point37179
205,8,20,120,30,24,46,65,ICHEC-EC-EARTH_historical_point37179
206,10,20,120,30,24,46,65,ICHEC-EC-EARTH_historical_point37179
207,12,20,120,30,24,46,65,ICHEC-EC-EARTH_historical_point37179
208,14,20,120,30,24,46,65,ICHEC-EC-EARTH_historical_point37179
209,16,20,120,30,24,46,65,ICHEC-EC-EARTH_historical_point37179
210,18,20,120,30,24,46,65,ICHEC-EC-EARTH_historical_point37179
211,20,20,120,30,24,46,65,ICHEC-EC-EARTH_historical_point37179
212,22,20,120,30,24,46,65,ICHEC-EC-EARTH_historical_point37179
213,24,20,120,30,24,46,65,ICHEC-EC-EARTH_historical_point37179
214,26,20,120,30,24,46,65,ICHEC-EC-EARTH_historical_point37179
215,28,20,120,30,24,46,65,ICHEC-EC-EARTH_historical_point37179
216,30,20,120,30,24,46,65,ICHEC-EC-EARTH_historical_point37179
217,32,20,120,30,24,46,65,ICHEC-EC-EARTH_historical_point37179
218,34,20,120,30,24,46,65,ICHEC-EC-EARTH_historical_point37179
219,36,20,120,30,24,46,65,ICHEC-EC-EARTH_historical_point37179
220,38,20,120,30,24,46,65,ICHEC-EC-EARTH_historical_point37179
221,0,22,120,30,24,46,65,ICHEC-EC-EARTH_historical_point37179
222,2,22,120,30,24,46,65,ICHEC-EC-EARTH_historical_point37179
223,4,22,120,30,24,46,65,ICHEC-EC-EARTH_historical_point37179
224,6,22,120,30,24,46,65,ICHEC-EC-EARTH_historical_point37179
225,8,22,120,30,24,46,65,ICHEC-EC-EARTH_historical_point37179
226,10,22,120,30,24,46,65,ICHEC-EC-EARTH_historical_point37179
227,12,22,120,30,24,46,65,ICHEC-EC-EARTH_historical_point37179
228,14,22,120,30,24,46,65,ICHEC-EC-EARTH_historical_point37179
229,16,22,120,30,24,46,65,ICHEC-EC-EARTH_historical_point37179
230,18,22,120,30,24,46,65,ICHEC-EC-EARTH_historical_point37179
231,20,22,120,30,24,46,65,ICHEC-EC-EARTH_historical_point37179
232,22,22,120,30,24,46,65,ICHEC-EC-EARTH_historical_point37179
233,24,22,120,30,24,46,65,ICHEC-EC-EARTH_historical_point37179
234,26,22,120,30,24,46,65,ICHEC-EC-EARTH_historical_point37179
235,28,22,120,30,24,46,65,ICHEC-EC-EARTH_historical_point37179
236,30,22,120,30,24,46,65,ICHEC-EC-EARTH_historical_point37179
237,32,22,120,30,24,46,65,ICHEC-EC-EARTH_historical_point37179
238,34,22,120,30,24,46,65,ICHEC-EC-EARTH_historical_point37179
239,36,22,120,30,24,46,65,ICHEC-EC-EARTH_historical_point37179
240,38,22,120,30,24,46,65,ICHEC-EC-EARTH_historical_point37179
241,0,24,120,30,24,46,65,ICHEC-EC-EARTH_historical_point37179
242,2,24,120,30,24,46,65,ICHEC-EC-EARTH_historical_point37179
243,4,24,120,30,24,46,65,ICHEC-EC-EARTH_historical_point37179
244,6,24,120,30,24,46,65,ICHEC-EC-EARTH_historical_point37179
245,8,24,120,30,24,46,65,ICHEC-EC-EARTH_historical_point37179
246,10,24,120,30,24,46,65,ICHEC-EC-EARTH_historical_point37179
247,12,24,120,30,24,46,65,ICHEC-EC-EARTH_historical_point37179
248,14,24,120,30,24,46,65,ICHEC-EC-EARTH_historical_point37179
249,16,24,120,30,24,46,65,ICHEC-EC-EARTH_historical_point37179
250,18,24,120,30,24,46,65,ICHEC-EC-EARTH_historical_point37179
251,20,24,120,30,24,46,65,ICHEC-EC-EARTH_historical_point37179
252,22,24,120,30,24,46,65,ICHEC-EC-EARTH_historical_point37179
253,24,24,120,30,24,46,65,ICHEC-EC-EARTH_historical_point37179
254,26,24,120,30,24,46,65,ICHEC-EC-EARTH_historical_point37179
255,28,24,120,30,24,46,65,ICHEC-EC-EARTH_historical_point37179
256,30,24,120,30,24,46,65,ICHEC-EC-EARTH_historical_point37179
257,32,24,120,30,24,46,65,ICHEC-EC-EARTH_historical_point37179
258,34,24,120,30,24,46,65,ICHEC-EC-EARTH_historical_point37179
259,36,24,120,30,24,46,65,ICHEC-EC-EARTH_historical_point37179
260,38,24,120,30,24,46,65,ICHEC-EC-EARTH_historical_point37179
261,0,26,120,30,24,46,65,ICHEC-EC-EARTH_historical_point37179
262,2,26,120,30,24,46,65,ICHEC-EC-EARTH_historical_point37179
263,4,26,120,30,24,46,65,ICHEC-EC-EARTH_historical_point37179
264,6,26,120,30,24,46,65,ICHEC-EC-EARTH_historical_point37179
265,8,26,120,30,24,46,65,ICHEC-EC-EARTH_historical_point37179
266,10,26,120,30,24,46,65,ICHEC-EC-EARTH_historical_point37179
267,12,26,120,30,24,46,65,ICHEC-EC-EARTH_historical_point37179
268,14,26,120,30,24,46,65,ICHEC-EC-EARTH_historical_point37179
269,16,26,120,30,24,46,65,ICHEC-EC-EARTH_historical_point37179
270,18,26,120,30,24,46,65,ICHEC-EC-EARTH_historical_point37179
271,20,26,120,30,24,46,65,ICHEC-EC-EARTH_historical_point37179
272,22,26,120,30,24,46,65,ICHEC-EC-EARTH_historical_point37179
273,24,26,120,30,24,46,65,ICHEC-EC-EARTH_historical_point37179
274,26,26,120,30,24,46,65,ICHEC-EC-EARTH_historical_point37179
275,28,26,120,30,24,46,65,ICHEC-EC-EARTH_historical_point37179
276,30,26,120,30,24,46,65,ICHEC-EC-EARTH_historical_point37179
277,32,26,120,30,24,46,65,ICHEC-EC-EARTH_historical_point37179
278,34,26,120,30,24,46,65,ICHEC-EC-EARTH_historical_point37179
279,36,26,120,30,24,46,65,ICHEC-EC-EARTH_historical_point37179
280,38,26,120,30,24,46,65,ICHEC-EC-EARTH_historical_point37179
281,0,28,120,30,24,46,65,ICHEC-EC-EARTH_historical_point37179
282,2,28,120,30,24,46,65,ICHEC-EC-EARTH_historical_point37179
283,4,28,120,30,24,46,65,ICHEC-EC-EARTH_historical_point37179
284,6,28,120,30,24,46,65,ICHEC-EC-EARTH_historical_point37179
285,8,28,120,30,24,46,65,ICHEC-EC-EARTH_historical_point37179
286,10,28,120,30,24,46,65,ICHEC-EC-EARTH_historical_point37179
287,12,28,120,30,24,46,65,ICHEC-EC-EARTH_historical_point37179
288,14,28,120,30,24,46,65,ICHEC-EC-EARTH_historical_point37179
289,16,28,120,30,24,46,65,ICHEC-EC-EARTH_historical_point37179
290,18,28,120,30,24,46,65,ICHEC-EC-EARTH_historical_point37179
291,20,28,120,30,24,46,65,ICHEC-EC-EARTH_historical_point37179
292,22,28,120,30,24,46,65,ICHEC-EC-EARTH_historical_point37179
293,24,28,120,30,24,46,65,ICHEC-EC-EARTH_historical_point37179
294,26,28,120,30,24,46,65,ICHEC-EC-EARTH_historical_point37179
295,28,28,120,30,24,46,65,ICHEC-EC-EARTH_historical_point37179
296,30,28,120,30,24,46,65,ICHEC-EC-EARTH_historical_point37179
297,32,28,120,30,24,46,65,ICHEC-EC-EARTH_historical_point37179
298,34,28,120,30,24,46,65,ICHEC-EC-EARTH_historical_point37179
299,36,28,120,30,24,46,65,ICHEC-EC-EARTH_historical_point37179
300,38,28,120,30,24,46,65,ICHEC-EC-EARTH_historical_point37179
301,0,30,120,30,24,46,65,ICHEC-EC-EARTH_historical_point37179
302,2,30,120,30,24,46,65,ICHEC-EC-EARTH_historical_point37179
303,4,30,120,30,24,46,65,ICHEC-EC-EARTH_historical_point37179
304,6,30,120,30,24,46,65,ICHEC-EC-EARTH_historical_point37179
305,8,30,120,30,24,46,65,ICHEC-EC-EARTH_historical_point37179
306,10,30,120,30,24,46,65,ICHEC-EC-EARTH_historical_point37179
307,12,30,120,30,24,46,65,ICHEC-EC-EARTH_historical_point37179
308,14,30,120,30,24,46,65,ICHEC-EC-EARTH_historical_point37179
309,16,30,120,30,24,46,65,ICHEC-EC-EARTH_historical_point37179
310,18,30,120,30,24,46,65,ICHEC-EC-EARTH_historical_point37179
311,20,30,120,30,24,46,65,ICHEC-EC-EARTH_historical_point37179
312,22,30,120,30,24,46,65,ICHEC-EC-EARTH_historical_point37179
313,24,30,120,30,24,46,65,ICHEC-EC-EARTH_historical_point37179
314,26,30,120,30,24,46,65,ICHEC-EC-EARTH_historical_point37179
315,28,30,120,30,24,46,65,ICHEC-EC-EARTH_historical_point37179
316,30,30,120,30,24,46,65,ICHEC-EC-EARTH_historical_point37179
317,32,30,120,30,24,46,65,ICHEC-EC-EARTH_historical_point37179
318,34,30,120,30,24,46,65,ICHEC-EC-EARTH_historical_point37179
319,36,30,120,30,24,46,65,ICHEC-EC-EARTH_historical_point37179
320,38,30,120,30,24,46,65,ICHEC-EC-EARTH_historical_point37179
321,0,32,120,30,24,46,65,ICHEC-EC-EARTH_historical_point37179
322,2,32,120,30,24,46,65,ICHEC-EC-EARTH_historical_point37179
323,4,32,120,30,24,46,65,ICHEC-EC-EARTH_historical_point37179
324,6,32,120,30,24,46,65,ICHEC-EC-EARTH_historical_point37179
325,8,32,120,30,24,46,65,ICHEC-EC-EARTH_historical_point37179
326,10,32,120,30,24,46,65,ICHEC-EC-EARTH_historical_point37179
327,12,32,120,30,24,46,65,ICHEC-EC-EARTH_historical_point37179
328,14,32,120,30,24,46,65,ICHEC-EC-EARTH_historical_point37179
329,16,32,120,30,24,46,65,ICHEC-EC-EARTH_historical_point37179
330,18,32,120,30,24,46,65,ICHEC-EC-EARTH_historical_point37179
331,20,32,120,30,24,46,65,ICHEC-EC-EARTH_historical_point37179
332,22,32,120,30,24,46,65,ICHEC-EC-EARTH_historical_point37179
333,24,32,120,30,24,46,65,ICHEC-EC-EARTH_historical_point37179
334,26,32,120,30,24,46,65,ICHEC-EC-EARTH_historical_point37179
335,28,32,120,30,24,46,65,ICHEC-EC-EARTH_historical_point37179
336,30,32,120,30,24,46,65,ICHEC-EC-EARTH_historical_point37179
337,32,32,120,30,24,46,65,ICHEC-EC-EARTH_historical_point37179
338,34,32,120,30,24,46,65,ICHEC-EC-EARTH_historical_point37179
339,36,32,120,30,24,46,65,ICHEC-EC-EARTH_historical_point37179
340,38,32,120,30,24,46,65,ICHEC-EC-EARTH_historical_point37179
341,0,34,120,30,24,46,65,ICHEC-EC-EARTH_historical_point37179
342,2,34,120,30,24,46,65,ICHEC-EC-EARTH_historical_point37179
343,4,34,120,30,24,46,65,ICHEC-EC-EARTH_historical_point37179
344,6,34,120,30,24,46,65,ICHEC-EC-EARTH_historical_point37179
345,8,34,120,30,24,46,65,ICHEC-EC-EARTH_historical_point37179
346,10,34,120,30,24,46,65,ICHEC-EC-EARTH_historical_point37179
347,12,34,120,30,24,46,65,ICHEC-EC-EARTH_historical_point37179
348,14,34,120,30,24,46,65,ICHEC-EC-EARTH_historical_point37179
349,16,34,120,30,24,46,65,ICHEC-EC-EARTH_historical_point37179
350,18,34,120,30,24,46,65,ICHEC-EC-EARTH_historical_point37179
351,20,34,120,30,24,46,65,ICHEC-EC-EARTH_historical_point37179
352,22,34,120,30,24,46,65,ICHEC-EC-EARTH_historical_point37179
353,24,34,120,30,24,46,65,ICHEC-EC-EARTH_historical_point37179
354,26,34,120,30,24,46,65,ICHEC-EC-EARTH_historical_point37179
355,28,34,120,30,24,46,65,ICHEC-EC-EARTH_historical_point37179
356,30,34,120,30,24,46,65,ICHEC-EC-EARTH_historical_point37179
357,32,34,120,30,24,46,65,ICHEC-EC-EARTH_historical_point37179
358,34,34,120,30,24,46,65,ICHEC-EC-EARTH_historical_point37179
359,36,34,120,30,24,46,65,ICHEC-EC-EARTH_historical_point37179
360,38,34,120,30,24,46,65,ICHEC-EC-EARTH_historical_point37179
361,0,36,120,30,24,46,65,ICHEC-EC-EARTH_historical_point37179
362,2,36,120,30,24,46,65,ICHEC-EC-EARTH_historical_point37179
363,4,36,120,30,24,46,65,ICHEC-EC-EARTH_historical_point37179
364,6,36,120,30,24,46,65,ICHEC-EC-EARTH_historical_point37179
365,8,36,120,30,24,46,65,ICHEC-EC-EARTH_historical_point37179
366,10,36,120,30,24,46,65,ICHEC-EC-EARTH_historical_point37179
367,12,36,120,30,24,46,65,ICHEC-EC-EARTH_historical_point37179
368,14,36,120,30,24,46,65,ICHEC-EC-EARTH_historical_point37179
369,16,36,120,30,24,46,65,ICHEC-EC-EARTH_historical_point37179
370,18,36,120,30,24,46,65,ICHEC-EC-EARTH_historical_point37179
371,20,36,120,30,24,46,65,ICHEC-EC-EARTH_historical_point37179
372,22,36,120,30,24,46,65,ICHEC-EC-EARTH_historical_point37179
373,24,36,120,30,24,46,65,ICHEC-EC-EARTH_historical_point37179
374,26,36,120,30,24,46,65,ICHEC-EC-EARTH_historical_point37179
375,28,36,120,30,24,46,65,ICHEC-EC-EARTH_historical_point37179
376,30,36,120,30,24,46,65,ICHEC-EC-EARTH_historical_point37179
377,32,36,120,30,24,46,65,ICHEC-EC-EARTH_historical_point37179
378,34,36,120,30,24,46,65,ICHEC-EC-EARTH_historical_point37179
379,36,36,120,30,24,46,65,ICHEC-EC-EARTH_historical_point37179
380,38,36,120,30,24,46,65,ICHEC-EC-EARTH_historical_point37179
381,0,38,120,30,24,46,65,ICHEC-EC-EARTH_historical_point37179
382,2,38,120,30,24,46,65,ICHEC-EC-EARTH_historical_point37179
383,4,38,120,30,24,46,65,ICHEC-EC-EARTH_historical_point37179
384,6,38,120,30,24,46,65,ICHEC-EC-EARTH_historical_point37179
385,8,38,120,30,24,46,65,ICHEC-EC-EARTH_historical_point37179
386,10,38,120,30,24,46,65,ICHEC-EC-EARTH_historical_point37179
387,12,38,120,30,24,46,65,ICHEC-EC-EARTH_historical_point37179
388,14,38,120,30,24,46,65,ICHEC-EC-EARTH_historical_point37179
389,16,38,120,30,24,46,65,ICHEC-EC-EARTH_historical_point37179
390,18,38,120,30,24,46,65,ICHEC-EC-EARTH_historical_point37179
391,20,38,120,30,24,46,65,ICHEC-EC-EARTH_historical_point37179
392,22,38,120,30,24,46,65,ICHEC-EC-EARTH_historical_point37179
393,24,38,120,30,24,46,65,ICHEC-EC-EARTH_historical_point37179
394,26,38,120,30,24,46,65,ICHEC-EC-EARTH_historical_point37179
395,28,38,120,30,24,46,65,ICHEC-EC-EARTH_historical_point37179
396,30,38,120,30,24,46,65,ICHEC-EC-EARTH_historical_point37179
397,32,38,120,30,24,46,65,ICHEC-EC-EARTH_historical_point37179
398,34,38,120,30,24,46,65,ICHEC-EC-EARTH_historical_point37179
399,36,38,120,30,24,46,65,ICHEC-EC-EARTH_historical_point37179
400,38,38,120,30,24,46,65,ICHEC-EC-EARTH_historical_point37179
